<?xml version="1.0" encoding="UTF-8"?>
<!DOCTYPE hibernate-mapping PUBLIC "-//Hibernate/Hibernate Mapping DTD 3.0//EN" "http://hibernate.sourceforge.net/hibernate-mapping-3.0.dtd" >
<hibernate-mapping>
<class name="mypack.Employee" table="emptable">

<id name="id" type="int" >

<generator class="increment"></generator>

</id>
<property name="fname" type="string" not-null="true" ></property>
<property name="lname" type="string" not-null="true"></property>


</class>



</hibernate-mapping>